arm_num,unique_event_name,form
1,baseline_arm_1,phone_screening
1,baseline_arm_1,meteor_scheduling
1,baseline_arm_1,status_summary
1,baseline_arm_1,inperson_screening
1,baseline_arm_1,concurrent_medications
1,baseline_arm_1,covid19_phone_screening
1,baseline_arm_1,physical_assessment_visit
1,baseline_arm_1,bloodbased_markers
1,baseline_arm_1,mri_visit
1,baseline_arm_1,cognitive_testing_visit
1,baseline_arm_1,florida_cognitive_activities_scale
1,baseline_arm_1,cognitive_function_index
1,baseline_arm_1,promis_bank_v10_applied_cog_abilities
1,baseline_arm_1,promis_bank_v10_applied_cog_general_concerns
1,baseline_arm_1,promis_bank_v10_anxiety
1,baseline_arm_1,promis_bank_v10_depression
1,baseline_arm_1,promis_bank_v10_social_sat_role
1,baseline_arm_1,promis_bank_v10_general_life_satisfaction
1,baseline_arm_1,promis_bank_v12_physical_function
1,baseline_arm_1,pittsburgh_sleep_quality_index_psqi
1,baseline_arm_1,perceived_stress_scale_pss10
1,baseline_arm_1,eq5d5l_v10
1,baseline_arm_1,nhanes_dsq
1,baseline_arm_1,barse
1,baseline_arm_1,exse
1,baseline_arm_1,lse
1,baseline_arm_1,pa_self_regulation
1,baseline_arm_1,godin
1,baseline_arm_1,participant_motivation_questionnaire
1,baseline_arm_1,macarthur_ses
1,week_3_arm_1,phone_call_checkins
1,week_6_arm_1,phone_call_checkins
1,week_13_arm_1,phone_call_checkins
1,week_19_arm_1,phone_call_checkins
1,week_26_arm_1,covid19_phone_screening
1,week_26_arm_1,cognitive_testing_visit
1,week_26_arm_1,phone_call_checkins
1,week_26_arm_1,barse
1,week_26_arm_1,exse
1,week_26_arm_1,lse
1,week_26_arm_1,pa_self_regulation
1,week_26_arm_1,godin
1,week_26_arm_1,technology_usefulness_and_ease_of_use
1,week_32_arm_1,phone_call_checkins
1,week_39_arm_1,phone_call_checkins
1,week_45_arm_1,phone_call_checkins
1,week_52_arm_1,covid19_phone_screening
1,week_52_arm_1,physical_assessment_visit
1,week_52_arm_1,bloodbased_markers
1,week_52_arm_1,mri_visit
1,week_52_arm_1,cognitive_testing_visit
1,week_52_arm_1,phone_call_checkins
1,week_52_arm_1,florida_cognitive_activities_scale
1,week_52_arm_1,cognitive_function_index
1,week_52_arm_1,promis_bank_v10_applied_cog_abilities
1,week_52_arm_1,promis_bank_v10_applied_cog_general_concerns
1,week_52_arm_1,promis_bank_v10_anxiety
1,week_52_arm_1,promis_bank_v10_depression
1,week_52_arm_1,promis_bank_v10_social_sat_role
1,week_52_arm_1,promis_bank_v10_general_life_satisfaction
1,week_52_arm_1,promis_bank_v12_physical_function
1,week_52_arm_1,pittsburgh_sleep_quality_index_psqi
1,week_52_arm_1,perceived_stress_scale_pss10
1,week_52_arm_1,eq5d5l_v10
1,week_52_arm_1,nhanes_dsq
1,week_52_arm_1,barse
1,week_52_arm_1,exse
1,week_52_arm_1,lse
1,week_52_arm_1,pa_self_regulation
1,week_52_arm_1,godin
1,week_52_arm_1,participant_motivation_questionnaire
1,week_52_arm_1,prepost_survey
1,safety_and_monitor_arm_1,adverse_event
1,safety_and_monitor_arm_1,intervention_fidelity_check
1,safety_and_monitor_arm_1,notetofile
1,safety_and_monitor_arm_1,protocol_deviation
1,safety_and_monitor_arm_1,fitbit_resolution_log
